,,,,,,,,,,,
2020-11-08 22:00:49,1.0,10.0,2020.11.08,1.0,d2d4,e2e4,18.0,43.0,25.0,0.946,2.0
2020-11-08 22:00:49,1.0,10.0,2020.11.08,2.0,d7d5,g8f6,36.0,31.0,5.0,0.9978,2.0
2020-11-08 22:00:49,1.0,10.0,2020.11.08,3.0,c1f4,c2c4,13.0,31.0,18.0,0.9716,2.0
2020-11-08 22:00:49,1.0,10.0,2020.11.08,4.0,b8c6,c7c5,52.0,8.0,44.0,0.8419,1.0
2020-11-08 22:00:49,1.0,10.0,2020.11.08,5.0,e2e3,e2e3,35.0,35.0,0.0,1.0,3.0
2020-11-08 22:00:49,1.0,10.0,2020.11.08,6.0,g8f6,c8f5,70.0,76.0,6.0,0.9968,2.0
2020-11-08 22:00:49,1.0,10.0,2020.11.08,7.0,g1f3,g1f3,54.0,54.0,0.0,1.0,3.0
2020-11-08 22:00:49,1.0,10.0,2020.11.08,8.0,e7e6,c8g4,73.0,89.0,16.0,0.9775,2.0
2020-11-08 22:00:49,1.0,10.0,2020.11.08,9.0,f1d3,c2c4,38.0,86.0,48.0,0.8148,1.0
2020-11-08 22:00:49,1.0,10.0,2020.11.08,10.0,f8d6,f8d6,41.0,41.0,0.0,1.0,3.0
2020-11-08 22:00:49,1.0,10.0,2020.11.08,11.0,f4d6,c2c3,9.0,26.0,17.0,0.9746,2.0
2020-11-08 22:00:49,1.0,10.0,2020.11.08,12.0,d8d6,c7d6,8.0,-2.0,10.0,0.9912,2.0
2020-11-08 22:00:49,1.0,10.0,2020.11.08,13.0,e1g1,c2c3,0.0,-53.0,53.0,0.779,0.0
2020-11-08 22:00:49,1.0,10.0,2020.11.08,14.0,e8g8,e6e5,47.0,9.0,38.0,0.8795,1.0
2020-11-08 22:00:49,1.0,10.0,2020.11.08,15.0,c2c3,c2c4,-7.0,45.0,52.0,0.7863,0.0
2020-11-08 22:00:49,1.0,10.0,2020.11.08,16.0,f6e4,e6e5,101.0,2.0,99.0,0.4184,-1.0
2020-11-08 22:00:49,1.0,10.0,2020.11.08,17.0,b1d2,b1d2,58.0,58.0,0.0,1.0,3.0
2020-11-08 22:00:49,1.0,10.0,2020.11.08,18.0,e4d2,e4d2,64.0,64.0,0.0,1.0,3.0
2020-11-08 22:00:49,1.0,10.0,2020.11.08,19.0,d1d2,d1d2,31.0,31.0,0.0,1.0,3.0
2020-11-08 22:00:49,1.0,10.0,2020.11.08,20.0,a7a5,e6e5,161.0,47.0,114.0,0.315,-2.0
2020-11-08 22:00:49,1.0,10.0,2020.11.08,21.0,h2h3,e3e4,54.0,135.0,81.0,0.5581,-1.0
2020-11-08 22:00:49,1.0,10.0,2020.11.08,22.0,b7b6,e6e5,104.0,44.0,60.0,0.7261,0.0
2020-11-08 22:00:49,1.0,10.0,2020.11.08,23.0,a2a4,d2c2,22.0,74.0,52.0,0.7863,0.0
2020-11-08 22:00:49,1.0,10.0,2020.11.08,24.0,c8a6,e6e5,97.0,42.0,55.0,0.7642,0.0
2020-11-08 22:00:49,1.0,10.0,2020.11.08,25.0,f1e1,d3a6,26.0,58.0,32.0,0.913,2.0
2020-11-08 22:00:49,1.0,10.0,2020.11.08,26.0,a6d3,a6d3,14.0,14.0,0.0,1.0,3.0
2020-11-08 22:00:49,1.0,10.0,2020.11.08,27.0,d2d3,d2d3,22.0,22.0,0.0,1.0,3.0
2020-11-08 22:00:49,1.0,10.0,2020.11.08,28.0,d6e7,h7h6,46.0,30.0,16.0,0.9775,2.0
2020-11-08 22:00:49,1.0,10.0,2020.11.08,29.0,e3e4,e1d1,56.0,39.0,17.0,0.9746,2.0
2020-11-08 22:00:49,1.0,10.0,2020.11.08,30.0,d5e4,e7d8,234.0,53.0,181.0,0.0544,-3.0
2020-11-08 22:00:49,1.0,10.0,2020.11.08,31.0,d3e4,d3e4,188.0,188.0,0.0,1.0,3.0
2020-11-08 22:00:49,1.0,10.0,2020.11.08,32.0,f7f5,c6a7,986.0,271.0,715.0,0.0,-3.0
2020-11-08 22:00:49,1.0,10.0,2020.11.08,33.0,e4c6,e4c6,970.0,970.0,0.0,1.0,3.0
2020-11-08 22:00:49,1.0,10.0,2020.11.08,34.0,e7e8,e7d6,1002.0,981.0,21.0,0.9616,2.0
2020-11-08 22:00:49,1.0,10.0,2020.11.08,35.0,c6c7,c6c4,875.0,979.0,104.0,0.3823,-2.0
2020-11-08 22:00:49,1.0,10.0,2020.11.08,36.0,e8g6,e8c8,991.0,900.0,91.0,0.479,-1.0
2020-11-08 22:00:49,1.0,10.0,2020.11.08,37.0,c7b6,g1h1,969.0,986.0,17.0,0.9746,2.0
2020-11-08 22:00:49,1.0,10.0,2020.11.08,38.0,a8b8,a8b8,928.0,928.0,0.0,1.0,3.0
2020-11-08 22:00:49,1.0,10.0,2020.11.08,39.0,b6a5,b6a5,923.0,923.0,0.0,1.0,3.0
2020-11-08 22:00:49,1.0,10.0,2020.11.08,40.0,b8b2,f5f4,919.0,930.0,11.0,0.9893,2.0
2020-11-08 22:00:49,1.0,10.0,2020.11.08,41.0,a1b1,a5e5,846.0,928.0,82.0,0.5501,-1.0
2020-11-08 22:00:49,1.0,10.0,2020.11.08,42.0,b2c2,b2b1,974.0,933.0,41.0,0.8612,1.0
2020-11-08 22:00:49,1.0,10.0,2020.11.08,43.0,b1b6,d4d5,799.0,867.0,68.0,0.663,0.0
2020-11-08 22:00:49,1.0,10.0,2020.11.08,44.0,c2c3,f8c8,1261.0,979.0,282.0,0.0009,-3.0
2020-11-08 22:00:49,1.0,10.0,2020.11.08,45.0,a5c3,a5c3,1263.0,1263.0,0.0,1.0,3.0
2020-11-08 22:00:49,1.0,10.0,2020.11.08,46.0,g6g2,g6e8,1675.0,1268.0,407.0,0.0,-3.0
2020-11-08 22:00:49,1.0,10.0,2020.11.08,47.0,g1g2,g1g2,2069.0,2069.0,0.0,1.0,3.0
2020-11-08 23:10:17,2.0,10.0,2020.11.08,1.0,e2e4,e2e4,43.0,43.0,0.0,1.0,3.0
2020-11-08 23:10:17,2.0,10.0,2020.11.08,2.0,c7c5,c7c5,45.0,45.0,0.0,1.0,3.0
2020-11-08 23:10:17,2.0,10.0,2020.11.08,3.0,f1c4,g1f3,-1.0,43.0,44.0,0.8419,1.0
2020-11-08 23:10:17,2.0,10.0,2020.11.08,4.0,e7e6,g8f6,-2.0,-3.0,1.0,0.9999,2.0
2020-11-08 23:10:17,2.0,10.0,2020.11.08,5.0,d1f3,g1f3,-134.0,-5.0,129.0,0.2278,-3.0
2020-11-08 23:10:17,2.0,10.0,2020.11.08,6.0,g8h6,b8c6,14.0,-101.0,115.0,0.3086,-2.0
2020-11-08 23:10:17,2.0,10.0,2020.11.08,7.0,a2a4,c2c3,-41.0,3.0,44.0,0.8419,1.0
2020-11-08 23:10:17,2.0,10.0,2020.11.08,8.0,f8d6,b8c6,65.0,4.0,61.0,0.7184,0.0
2020-11-08 23:10:17,2.0,10.0,2020.11.08,9.0,a4a5,b1c3,-56.0,79.0,135.0,0.1979,-3.0
2020-11-08 23:10:17,2.0,10.0,2020.11.08,10.0,a7a6,e8g8,-47.0,-22.0,25.0,0.946,2.0
2020-11-08 23:10:17,2.0,10.0,2020.11.08,11.0,e4e5,f3a3,-405.0,-82.0,323.0,0.0001,-3.0
2020-11-08 23:10:17,2.0,10.0,2020.11.08,12.0,d6e5,d6e5,-413.0,-413.0,0.0,1.0,3.0
2020-11-08 23:10:17,2.0,10.0,2020.11.08,13.0,b2b3,d2d4,-984.0,-406.0,578.0,0.0,-3.0
2020-11-08 23:10:17,2.0,10.0,2020.11.08,14.0,e8g8,e5a1,-544.0,-992.0,448.0,0.0,-3.0
2020-11-08 23:10:17,2.0,10.0,2020.11.08,15.0,c2c3,d2d4,-627.0,-652.0,25.0,0.946,2.0
2020-11-08 23:10:17,2.0,10.0,2020.11.08,16.0,d7d5,b8c6,-647.0,-583.0,64.0,0.6948,0.0
2020-11-08 23:10:17,2.0,10.0,2020.11.08,17.0,c4e2,c4d3,-738.0,-587.0,151.0,0.1318,-3.0
2020-11-08 23:10:17,2.0,10.0,2020.11.08,18.0,b8c6,b8c6,-583.0,-583.0,0.0,1.0,3.0
2020-11-08 23:10:17,2.0,10.0,2020.11.08,19.0,g1h3,f3h5,-700.0,-705.0,5.0,0.9978,2.0
2020-11-08 23:10:17,2.0,10.0,2020.11.08,20.0,c6a5,h6f5,-715.0,-690.0,25.0,0.946,2.0
2020-11-08 23:10:17,2.0,10.0,2020.11.08,21.0,h3g5,d2d4,-907.0,-761.0,146.0,0.1504,-3.0
2020-11-08 23:10:17,2.0,10.0,2020.11.08,22.0,a5b3,a5b3,-976.0,-976.0,0.0,1.0,3.0
2020-11-08 23:10:17,2.0,10.0,2020.11.08,23.0,a1a5,g5h7,-1215.0,-1054.0,161.0,0.0998,-3.0
2020-11-08 23:10:17,2.0,10.0,2020.11.08,24.0,b3a5,b3c1,-1100.0,-1240.0,140.0,0.1751,-3.0
2020-11-08 23:10:17,2.0,10.0,2020.11.08,25.0,c1a3,d2d4,-1339.0,-1062.0,277.0,0.0011,-3.0
2020-11-08 23:10:17,2.0,10.0,2020.11.08,26.0,d8g5,d8g5,-1343.0,-1343.0,0.0,1.0,3.0
2020-11-08 23:10:17,2.0,10.0,2020.11.08,27.0,a3c5,a3c5,-1346.0,-1346.0,0.0,1.0,3.0
2020-11-08 23:10:17,2.0,10.0,2020.11.08,28.0,f8d8,f8e8,-1223.0,-1325.0,102.0,0.3966,-2.0
2020-11-08 23:10:17,2.0,10.0,2020.11.08,29.0,b1a3,c5b6,-1362.0,-1207.0,155.0,0.1182,-3.0
2020-11-08 23:10:17,2.0,10.0,2020.11.08,30.0,a5b3,h6f5,-1334.0,-1380.0,46.0,0.8285,1.0
2020-11-08 23:10:17,2.0,10.0,2020.11.08,31.0,a3c4,c5e3,-1582.0,-1315.0,267.0,0.0018,-3.0
2020-11-08 23:10:17,2.0,10.0,2020.11.08,32.0,d5c4,d5c4,-1612.0,-1612.0,0.0,1.0,3.0
2020-11-08 23:10:17,2.0,10.0,2020.11.08,33.0,e2c4,c5e3,-5.0,-1676.0,1671.0,0.0,-3.0
2020-11-08 23:10:17,2.0,10.0,2020.11.08,34.0,g5d2,g5d2,-4.0,-4.0,0.0,1.0,3.0
2020-11-08 23:10:17,2.0,10.0,2020.11.08,35.0,e1f1,e1f1,-4.0,-4.0,0.0,1.0,3.0
2020-11-08 23:10:17,2.0,10.0,2020.11.08,36.0,b3c5,d2c1,-2383.0,-3.0,2380.0,0.0,-3.0
2020-11-08 23:10:17,2.0,10.0,2020.11.08,37.0,f3e2,f1g1,-3060.0,-2392.0,668.0,0.0,-3.0
2020-11-08 23:10:17,2.0,10.0,2020.11.08,38.0,e5c3,d2d1,-2330.0,-3092.0,762.0,0.0,-3.0
2020-11-08 23:10:17,2.0,10.0,2020.11.08,39.0,e2d2,g2g4,-2392.0,-2436.0,44.0,0.8419,1.0
2020-11-08 23:10:17,2.0,10.0,2020.11.08,40.0,d8d2,d8d2,-2492.0,-2492.0,0.0,1.0,3.0
2020-11-08 23:10:17,2.0,10.0,2020.11.08,41.0,f1e1,c4e2,-2832.0,-2484.0,348.0,0.0,-3.0
2020-11-08 23:10:17,2.0,10.0,2020.11.08,42.0,c5d3,d2d4,-2469.0,-2825.0,356.0,0.0,-3.0
2020-11-08 23:10:17,2.0,10.0,2020.11.08,43.0,e1f1,c4d3,-2900.0,-2475.0,425.0,0.0,-3.0
2020-11-08 23:10:17,2.0,10.0,2020.11.08,44.0,d2d1,d2f2,-2634.0,-2864.0,230.0,0.0091,-3.0
2020-11-08 23:10:17,2.0,10.0,2020.11.08,45.0,f1e2,f1e2,-2812.0,-2812.0,0.0,1.0,3.0
2020-11-08 23:10:17,2.0,10.0,2020.11.08,46.0,d1h1,d1d2,-2650.0,-2653.0,3.0,0.9992,2.0
2020-11-08 23:10:17,2.0,10.0,2020.11.08,47.0,e2d3,c4d3,-2653.0,-2653.0,0.0,1.0,3.0
2020-11-08 23:10:17,2.0,10.0,2020.11.08,48.0,c3f6,c3f6,-2638.0,-2638.0,0.0,1.0,3.0
2020-11-08 23:10:17,2.0,10.0,2020.11.08,49.0,h2h3,d3e2,-2707.0,-2723.0,16.0,0.9775,2.0
2020-11-08 23:10:17,2.0,10.0,2020.11.08,50.0,e6e5,b7b5,-2596.0,-2749.0,153.0,0.1248,-3.0
2020-11-08 23:10:17,2.0,10.0,2020.11.08,51.0,d3e3,d3c3,-2569.0,-2623.0,54.0,0.7717,0.0
2020-11-08 23:10:17,2.0,10.0,2020.11.08,52.0,h6f5,h6f5,-2626.0,-2626.0,0.0,1.0,3.0
2020-11-08 23:10:17,2.0,10.0,2020.11.08,53.0,e3e4,e3f3,-2733.0,-2592.0,141.0,0.1708,-3.0
2020-11-08 23:10:17,2.0,10.0,2020.11.08,54.0,c8e6,f5d6,-2577.0,-2776.0,199.0,0.0296,-3.0
2020-11-08 23:10:17,2.0,10.0,2020.11.08,55.0,c4d3,c4e6,-3037.0,-2550.0,487.0,0.0,-3.0
2020-11-08 23:10:17,2.0,10.0,2020.11.08,56.0,h1e1,a8d8,-3015.0,-7.0,3008.0,0.0,-3.0
2020-11-08 23:10:17,2.0,10.0,2020.11.08,57.0,e4f3,e4f3,-2961.0,-2961.0,0.0,1.0,3.0
2020-11-08 23:10:17,2.0,10.0,2020.11.08,58.0,e6d5,f5d4,-4.0,-2961.0,2957.0,0.0,-3.0
2020-11-08 23:10:17,2.0,10.0,2020.11.08,59.0,f3g4,f3g4,-2947.0,-2947.0,0.0,1.0,3.0
2020-11-08 23:10:17,2.0,10.0,2020.11.08,60.0,g7g6,f5h6,-2730.0,-2953.0,223.0,0.012,-3.0
2020-11-08 23:10:17,2.0,10.0,2020.11.08,61.0,f2f3,d3f5,-1.0,-2730.0,2729.0,0.0,-3.0
2020-11-08 23:10:17,2.0,10.0,2020.11.08,62.0,e1g1,h7h5,-2.0,0.0,2.0,0.9996,2.0
2020-11-08 23:10:17,2.0,10.0,2020.11.08,63.0,d3e2,h3h4,-1.0,-2.0,1.0,0.9999,2.0
2020-11-08 23:10:17,2.0,10.0,2020.11.08,64.0,f6h4,g1g2,-1.0,0.0,1.0,0.9999,2.0
2020-11-08 23:10:17,2.0,10.0,2020.11.08,65.0,f3f4,g2g3,-1.0,-1.0,0.0,1.0,3.0
2020-11-08 23:10:17,2.0,10.0,2020.11.08,66.0,h7h5,g1g2,0.0,0.0,0.0,1.0,3.0
2020-11-08 23:24:38,3.0,10.0,2020.11.08,1.0,d2d4,e2e4,18.0,43.0,25.0,0.946,2.0
2020-11-08 23:24:38,3.0,10.0,2020.11.08,2.0,d7d5,g8f6,36.0,31.0,5.0,0.9978,2.0
2020-11-08 23:24:38,3.0,10.0,2020.11.08,3.0,c1f4,c2c4,13.0,31.0,18.0,0.9716,2.0
2020-11-08 23:24:38,3.0,10.0,2020.11.08,4.0,c8f5,c7c5,60.0,8.0,52.0,0.7863,0.0
2020-11-08 23:24:38,3.0,10.0,2020.11.08,5.0,e2e3,c2c4,37.0,33.0,4.0,0.9986,2.0
2020-11-08 23:24:38,3.0,10.0,2020.11.08,6.0,a7a6,e7e6,63.0,46.0,17.0,0.9746,2.0
2020-11-08 23:24:38,3.0,10.0,2020.11.08,7.0,g1f3,c2c4,41.0,40.0,1.0,0.9999,2.0
2020-11-08 23:24:38,3.0,10.0,2020.11.08,8.0,f7f6,e7e6,194.0,58.0,136.0,0.1932,-3.0
2020-11-08 23:24:38,3.0,10.0,2020.11.08,9.0,f1d3,c2c4,78.0,182.0,104.0,0.3823,-2.0
2020-11-08 23:24:38,3.0,10.0,2020.11.08,10.0,d8d7,f5d3,216.0,75.0,141.0,0.1708,-3.0
2020-11-08 23:24:38,3.0,10.0,2020.11.08,11.0,e1g1,d3f5,104.0,291.0,187.0,0.0447,-3.0
2020-11-08 23:24:38,3.0,10.0,2020.11.08,12.0,g7g5,f5d3,218.0,58.0,160.0,0.1027,-3.0
2020-11-08 23:24:38,3.0,10.0,2020.11.08,13.0,e3e4,f4g5,-468.0,121.0,589.0,0.0,-3.0
2020-11-08 23:24:38,3.0,10.0,2020.11.08,14.0,d5e4,d5e4,-449.0,-449.0,0.0,1.0,3.0
2020-11-08 23:24:38,3.0,10.0,2020.11.08,15.0,d3e4,d3e4,-546.0,-546.0,0.0,1.0,3.0
2020-11-08 23:24:38,3.0,10.0,2020.11.08,16.0,f5e4,f5e4,-494.0,-494.0,0.0,1.0,3.0
2020-11-08 23:24:38,3.0,10.0,2020.11.08,17.0,f4e3,f3e5,-701.0,-525.0,176.0,0.0637,-3.0
2020-11-08 23:24:38,3.0,10.0,2020.11.08,18.0,g8h6,g5g4,-551.0,-570.0,19.0,0.9684,2.0
2020-11-08 23:24:38,3.0,10.0,2020.11.08,19.0,b1d2,b1c3,-679.0,-633.0,46.0,0.8285,1.0
2020-11-08 23:24:38,3.0,10.0,2020.11.08,20.0,f8g7,e4g6,275.0,-723.0,998.0,0.0,-3.0
2020-11-08 23:24:38,3.0,10.0,2020.11.08,21.0,d2e4,d2e4,200.0,200.0,0.0,1.0,3.0
2020-11-08 23:24:38,3.0,10.0,2020.11.08,22.0,e8g8,d7d5,289.0,281.0,8.0,0.9943,2.0
2020-11-08 23:24:38,3.0,10.0,2020.11.08,23.0,c2c3,c2c4,232.0,262.0,30.0,0.9231,2.0
2020-11-08 23:24:38,3.0,10.0,2020.11.08,24.0,c7c6,d7d5,324.0,205.0,119.0,0.284,-2.0
2020-11-08 23:24:38,3.0,10.0,2020.11.08,25.0,d1b3,h2h4,360.0,371.0,11.0,0.9893,2.0
2020-11-08 23:24:38,3.0,10.0,2020.11.08,26.0,g8h8,d7d5,458.0,351.0,107.0,0.3614,-2.0
2020-11-08 23:24:38,3.0,10.0,2020.11.08,27.0,a1d1,e4c5,259.0,410.0,151.0,0.1318,-3.0
2020-11-08 23:24:38,3.0,10.0,2020.11.08,28.0,h6f5,d7c8,392.0,369.0,23.0,0.9541,2.0
2020-11-08 23:24:38,3.0,10.0,2020.11.08,29.0,f1e1,e4c5,258.0,344.0,86.0,0.5182,-1.0
2020-11-08 23:24:38,3.0,10.0,2020.11.08,30.0,b7b5,d7c8,373.0,331.0,42.0,0.8549,1.0
2020-11-08 23:24:38,3.0,10.0,2020.11.08,31.0,d4d5,d4d5,262.0,262.0,0.0,1.0,3.0
2020-11-08 23:24:38,3.0,10.0,2020.11.08,32.0,f5e3,c6d5,426.0,374.0,52.0,0.7863,0.0
2020-11-08 23:24:38,3.0,10.0,2020.11.08,33.0,e1e3,e1e3,425.0,425.0,0.0,1.0,3.0
2020-11-08 23:24:38,3.0,10.0,2020.11.08,34.0,f8d8,c6d5,527.0,534.0,7.0,0.9957,2.0
2020-11-08 23:24:38,3.0,10.0,2020.11.08,35.0,e3d3,e4c5,313.0,607.0,294.0,0.0005,-3.0
2020-11-08 23:24:38,3.0,10.0,2020.11.08,36.0,d7f5,d7e8,401.0,355.0,46.0,0.8285,1.0
2020-11-08 23:24:38,3.0,10.0,2020.11.08,37.0,d5c6,e4g3,123.0,359.0,236.0,0.0071,-3.0
2020-11-08 23:24:38,3.0,10.0,2020.11.08,38.0,b8c6,d8d3,221.0,62.0,159.0,0.1057,-3.0
2020-11-08 23:24:38,3.0,10.0,2020.11.08,39.0,d3d8,d3d8,72.0,72.0,0.0,1.0,3.0
2020-11-08 23:24:38,3.0,10.0,2020.11.08,40.0,c6d8,a8d8,242.0,115.0,127.0,0.2384,-3.0
2020-11-08 23:24:38,3.0,10.0,2020.11.08,41.0,b3d5,e4g3,124.0,215.0,91.0,0.479,-1.0
2020-11-08 23:24:38,3.0,10.0,2020.11.08,42.0,f5d5,f5d5,110.0,110.0,0.0,1.0,3.0
2020-11-08 23:24:38,3.0,10.0,2020.11.08,43.0,d1d5,d1d5,114.0,114.0,0.0,1.0,3.0
2020-11-08 23:24:38,3.0,10.0,2020.11.08,44.0,h7h6,d8e6,165.0,111.0,54.0,0.7717,0.0
2020-11-08 23:24:38,3.0,10.0,2020.11.08,45.0,e4c5,d5d7,119.0,223.0,104.0,0.3823,-2.0
2020-11-08 23:24:38,3.0,10.0,2020.11.08,46.0,d8f7,d8c6,201.0,120.0,81.0,0.5581,-1.0
2020-11-08 23:24:38,3.0,10.0,2020.11.08,47.0,f3d4,d5d7,143.0,176.0,33.0,0.9077,2.0
2020-11-08 23:24:38,3.0,10.0,2020.11.08,48.0,f7e5,f7e5,196.0,196.0,0.0,1.0,3.0
2020-11-08 23:24:38,3.0,10.0,2020.11.08,49.0,d4e6,d4e6,185.0,185.0,0.0,1.0,3.0
2020-11-08 23:24:38,3.0,10.0,2020.11.08,50.0,h8g8,a8a7,505.0,175.0,330.0,0.0001,-3.0
2020-11-08 23:24:38,3.0,10.0,2020.11.08,51.0,e6c7,e6c7,394.0,394.0,0.0,1.0,3.0
2020-11-08 23:24:38,3.0,10.0,2020.11.08,52.0,a8a7,e7e6,397.0,459.0,62.0,0.7106,0.0
2020-11-08 23:24:38,3.0,10.0,2020.11.08,53.0,c5a6,c5a6,342.0,342.0,0.0,1.0,3.0
2020-11-08 23:24:38,3.0,10.0,2020.11.08,54.0,g8f7,g7f8,500.0,299.0,201.0,0.0276,-3.0
2020-11-08 23:24:38,3.0,10.0,2020.11.08,55.0,d5d7,g1f1,-807.0,305.0,1112.0,0.0,-3.0
2020-11-08 23:24:38,3.0,10.0,2020.11.08,56.0,f7g6,e5d7,438.0,-815.0,1253.0,0.0,-3.0
2020-11-08 23:24:38,3.0,10.0,2020.11.08,57.0,d7e7,d7e7,260.0,260.0,0.0,1.0,3.0
2020-11-08 23:24:38,3.0,10.0,2020.11.08,58.0,e5c4,g7f8,541.0,274.0,267.0,0.0018,-3.0
2020-11-08 23:24:38,3.0,10.0,2020.11.08,59.0,b2b4,b2b3,277.0,455.0,178.0,0.0598,-3.0
2020-11-08 23:24:38,3.0,10.0,2020.11.08,60.0,c4d6,g7f8,462.0,220.0,242.0,0.0055,-3.0
2020-11-08 23:24:38,3.0,10.0,2020.11.08,61.0,a6c5,a6c5,284.0,284.0,0.0,1.0,3.0
2020-11-08 23:24:38,3.0,10.0,2020.11.08,62.0,d6f5,d6c8,373.0,250.0,123.0,0.2606,-2.0
2020-11-08 23:24:38,3.0,10.0,2020.11.08,63.0,c5e6,e7d7,-592.0,367.0,959.0,0.0,-3.0
2020-11-08 23:24:38,3.0,10.0,2020.11.08,64.0,f5e7,f5e7,-625.0,-625.0,0.0,1.0,3.0
2020-11-08 23:24:38,3.0,10.0,2020.11.08,65.0,e6g7,h2h4,-746.0,-595.0,151.0,0.1318,-3.0
2020-11-08 23:24:38,3.0,10.0,2020.11.08,66.0,g6g7,a7c7,-648.0,-787.0,139.0,0.1795,-3.0
2020-11-08 23:24:38,3.0,10.0,2020.11.08,1.0,d2d4,e2e4,18.0,43.0,25.0,0.946,2.0
2020-11-08 23:24:38,3.0,10.0,2020.11.08,2.0,d7d5,g8f6,36.0,31.0,5.0,0.9978,2.0
2020-11-08 23:24:38,3.0,10.0,2020.11.08,3.0,c1f4,c2c4,13.0,31.0,18.0,0.9716,2.0
2020-11-08 23:24:38,3.0,10.0,2020.11.08,4.0,c8f5,c7c5,60.0,8.0,52.0,0.7863,0.0
2020-11-08 23:24:38,3.0,10.0,2020.11.08,5.0,e2e3,c2c4,37.0,33.0,4.0,0.9986,2.0
2020-11-08 23:24:38,3.0,10.0,2020.11.08,6.0,a7a6,e7e6,63.0,46.0,17.0,0.9746,2.0
2020-11-08 23:24:38,3.0,10.0,2020.11.08,7.0,g1f3,c2c4,41.0,40.0,1.0,0.9999,2.0
2020-11-08 23:24:38,3.0,10.0,2020.11.08,8.0,f7f6,e7e6,194.0,58.0,136.0,0.1932,-3.0
2020-11-08 23:24:38,3.0,10.0,2020.11.08,9.0,f1d3,c2c4,78.0,182.0,104.0,0.3823,-2.0
2020-11-08 23:24:38,3.0,10.0,2020.11.08,10.0,d8d7,f5d3,216.0,75.0,141.0,0.1708,-3.0
2020-11-08 23:24:38,3.0,10.0,2020.11.08,11.0,e1g1,d3f5,104.0,291.0,187.0,0.0447,-3.0
2020-11-08 23:24:38,3.0,10.0,2020.11.08,12.0,g7g5,f5d3,218.0,58.0,160.0,0.1027,-3.0
2020-11-08 23:24:38,3.0,10.0,2020.11.08,13.0,e3e4,f4g5,-468.0,121.0,589.0,0.0,-3.0
2020-11-08 23:24:38,3.0,10.0,2020.11.08,14.0,d5e4,d5e4,-449.0,-449.0,0.0,1.0,3.0
2020-11-08 23:24:38,3.0,10.0,2020.11.08,15.0,d3e4,d3e4,-546.0,-546.0,0.0,1.0,3.0
2020-11-08 23:24:38,3.0,10.0,2020.11.08,16.0,f5e4,f5e4,-494.0,-494.0,0.0,1.0,3.0
2020-11-08 23:24:38,3.0,10.0,2020.11.08,17.0,f4e3,f3e5,-701.0,-525.0,176.0,0.0637,-3.0
2020-11-08 23:24:38,3.0,10.0,2020.11.08,18.0,g8h6,g5g4,-551.0,-570.0,19.0,0.9684,2.0
2020-11-08 23:24:38,3.0,10.0,2020.11.08,19.0,b1d2,b1c3,-679.0,-633.0,46.0,0.8285,1.0
2020-11-08 23:24:38,3.0,10.0,2020.11.08,20.0,f8g7,e4g6,275.0,-723.0,998.0,0.0,-3.0
2020-11-08 23:24:38,3.0,10.0,2020.11.08,21.0,d2e4,d2e4,200.0,200.0,0.0,1.0,3.0
2020-11-08 23:24:38,3.0,10.0,2020.11.08,22.0,e8g8,d7d5,289.0,281.0,8.0,0.9943,2.0
2020-11-08 23:24:38,3.0,10.0,2020.11.08,23.0,c2c3,c2c4,232.0,262.0,30.0,0.9231,2.0
2020-11-08 23:24:38,3.0,10.0,2020.11.08,24.0,c7c6,d7d5,324.0,205.0,119.0,0.284,-2.0
2020-11-08 23:24:38,3.0,10.0,2020.11.08,25.0,d1b3,h2h4,360.0,371.0,11.0,0.9893,2.0
2020-11-08 23:24:38,3.0,10.0,2020.11.08,26.0,g8h8,d7d5,458.0,351.0,107.0,0.3614,-2.0
2020-11-08 23:24:38,3.0,10.0,2020.11.08,27.0,a1d1,e4c5,259.0,410.0,151.0,0.1318,-3.0
2020-11-08 23:24:38,3.0,10.0,2020.11.08,28.0,h6f5,d7c8,392.0,369.0,23.0,0.9541,2.0
2020-11-08 23:24:38,3.0,10.0,2020.11.08,29.0,f1e1,e4c5,258.0,344.0,86.0,0.5182,-1.0
2020-11-08 23:24:38,3.0,10.0,2020.11.08,30.0,b7b5,d7c8,373.0,331.0,42.0,0.8549,1.0
2020-11-08 23:24:38,3.0,10.0,2020.11.08,31.0,d4d5,d4d5,262.0,262.0,0.0,1.0,3.0
2020-11-08 23:24:38,3.0,10.0,2020.11.08,32.0,f5e3,c6d5,426.0,374.0,52.0,0.7863,0.0
2020-11-08 23:24:38,3.0,10.0,2020.11.08,33.0,e1e3,e1e3,425.0,425.0,0.0,1.0,3.0
2020-11-08 23:24:38,3.0,10.0,2020.11.08,34.0,f8d8,c6d5,527.0,534.0,7.0,0.9957,2.0
2020-11-08 23:24:38,3.0,10.0,2020.11.08,35.0,e3d3,e4c5,313.0,607.0,294.0,0.0005,-3.0
2020-11-08 23:24:38,3.0,10.0,2020.11.08,36.0,d7f5,d7e8,401.0,355.0,46.0,0.8285,1.0
2020-11-08 23:24:38,3.0,10.0,2020.11.08,37.0,d5c6,e4g3,123.0,359.0,236.0,0.0071,-3.0
2020-11-08 23:24:38,3.0,10.0,2020.11.08,38.0,b8c6,d8d3,221.0,62.0,159.0,0.1057,-3.0
2020-11-08 23:24:38,3.0,10.0,2020.11.08,39.0,d3d8,d3d8,72.0,72.0,0.0,1.0,3.0
2020-11-08 23:24:38,3.0,10.0,2020.11.08,40.0,c6d8,a8d8,242.0,115.0,127.0,0.2384,-3.0
2020-11-08 23:24:38,3.0,10.0,2020.11.08,41.0,b3d5,e4g3,124.0,215.0,91.0,0.479,-1.0
2020-11-08 23:24:38,3.0,10.0,2020.11.08,42.0,f5d5,f5d5,110.0,110.0,0.0,1.0,3.0
2020-11-08 23:24:38,3.0,10.0,2020.11.08,43.0,d1d5,d1d5,114.0,114.0,0.0,1.0,3.0
2020-11-08 23:24:38,3.0,10.0,2020.11.08,44.0,h7h6,d8e6,165.0,111.0,54.0,0.7717,0.0
2020-11-08 23:24:38,3.0,10.0,2020.11.08,45.0,e4c5,d5d7,119.0,223.0,104.0,0.3823,-2.0
2020-11-08 23:24:38,3.0,10.0,2020.11.08,46.0,d8f7,d8c6,201.0,120.0,81.0,0.5581,-1.0
2020-11-08 23:24:38,3.0,10.0,2020.11.08,47.0,f3d4,d5d7,143.0,176.0,33.0,0.9077,2.0
2020-11-08 23:24:38,3.0,10.0,2020.11.08,48.0,f7e5,f7e5,196.0,196.0,0.0,1.0,3.0
2020-11-08 23:24:38,3.0,10.0,2020.11.08,49.0,d4e6,d4e6,185.0,185.0,0.0,1.0,3.0
2020-11-08 23:24:38,3.0,10.0,2020.11.08,50.0,h8g8,a8a7,505.0,175.0,330.0,0.0001,-3.0
2020-11-08 23:24:38,3.0,10.0,2020.11.08,51.0,e6c7,e6c7,394.0,394.0,0.0,1.0,3.0
2020-11-08 23:24:38,3.0,10.0,2020.11.08,52.0,a8a7,e7e6,397.0,459.0,62.0,0.7106,0.0
2020-11-08 23:24:38,3.0,10.0,2020.11.08,53.0,c5a6,c5a6,342.0,342.0,0.0,1.0,3.0
2020-11-08 23:24:38,3.0,10.0,2020.11.08,54.0,g8f7,g7f8,500.0,299.0,201.0,0.0276,-3.0
2020-11-08 23:24:38,3.0,10.0,2020.11.08,55.0,d5d7,g1f1,-807.0,305.0,1112.0,0.0,-3.0
2020-11-08 23:24:38,3.0,10.0,2020.11.08,56.0,f7g6,e5d7,438.0,-815.0,1253.0,0.0,-3.0
2020-11-08 23:24:38,3.0,10.0,2020.11.08,57.0,d7e7,d7e7,260.0,260.0,0.0,1.0,3.0
2020-11-08 23:24:38,3.0,10.0,2020.11.08,58.0,e5c4,g7f8,541.0,274.0,267.0,0.0018,-3.0
2020-11-08 23:24:38,3.0,10.0,2020.11.08,59.0,b2b4,b2b3,277.0,455.0,178.0,0.0598,-3.0
2020-11-08 23:24:38,3.0,10.0,2020.11.08,60.0,c4d6,g7f8,462.0,220.0,242.0,0.0055,-3.0
2020-11-08 23:24:38,3.0,10.0,2020.11.08,61.0,a6c5,a6c5,284.0,284.0,0.0,1.0,3.0
2020-11-08 23:24:38,3.0,10.0,2020.11.08,62.0,d6f5,d6c8,373.0,250.0,123.0,0.2606,-2.0
2020-11-08 23:24:38,3.0,10.0,2020.11.08,63.0,c5e6,e7d7,-592.0,367.0,959.0,0.0,-3.0
2020-11-08 23:24:38,3.0,10.0,2020.11.08,64.0,f5e7,f5e7,-625.0,-625.0,0.0,1.0,3.0
2020-11-08 23:24:38,3.0,10.0,2020.11.08,65.0,e6g7,h2h4,-746.0,-595.0,151.0,0.1318,-3.0
2020-11-08 23:24:38,3.0,10.0,2020.11.08,66.0,g6g7,a7c7,-648.0,-787.0,139.0,0.1795,-3.0
2020-11-08 23:47:13,4.0,10.0,2020.11.08,1.0,d2d4,e2e4,18.0,43.0,25.0,0.946,2.0
2020-11-08 23:47:13,4.0,10.0,2020.11.08,2.0,d7d5,g8f6,36.0,31.0,5.0,0.9978,2.0
2020-11-08 23:47:13,4.0,10.0,2020.11.08,3.0,c2c4,c2c4,31.0,31.0,0.0,1.0,3.0
2020-11-08 23:47:13,4.0,10.0,2020.11.08,4.0,c7c6,e7e6,51.0,42.0,9.0,0.9928,2.0
2020-11-08 23:47:13,4.0,10.0,2020.11.08,5.0,e2e3,e2e3,31.0,31.0,0.0,1.0,3.0
2020-11-08 23:47:13,4.0,10.0,2020.11.08,6.0,g8f6,g8f6,36.0,36.0,0.0,1.0,3.0
2020-11-08 23:47:13,4.0,10.0,2020.11.08,7.0,g1f3,g1f3,49.0,49.0,0.0,1.0,3.0
2020-11-08 23:47:13,4.0,10.0,2020.11.08,8.0,c8g4,c8f5,47.0,78.0,31.0,0.9181,2.0
2020-11-08 23:47:13,4.0,10.0,2020.11.08,9.0,f1e2,d1b3,8.0,23.0,15.0,0.9802,2.0
2020-11-08 23:47:13,4.0,10.0,2020.11.08,10.0,g7g6,e7e6,66.0,25.0,41.0,0.8612,1.0
2020-11-08 23:47:13,4.0,10.0,2020.11.08,11.0,e1g1,b1c3,62.0,60.0,2.0,0.9996,2.0
2020-11-08 23:47:13,4.0,10.0,2020.11.08,12.0,f8g7,e7e6,71.0,59.0,12.0,0.9873,2.0
2020-11-08 23:47:13,4.0,10.0,2020.11.08,13.0,b1c3,d1b3,48.0,59.0,11.0,0.9893,2.0
2020-11-08 23:47:13,4.0,10.0,2020.11.08,14.0,e8g8,e7e6,81.0,60.0,21.0,0.9616,2.0
2020-11-08 23:47:13,4.0,10.0,2020.11.08,15.0,f3g5,c4d5,-5.0,99.0,104.0,0.3823,-2.0
2020-11-08 23:47:13,4.0,10.0,2020.11.08,16.0,g4e2,g4e2,0.0,0.0,0.0,1.0,3.0
2020-11-08 23:47:13,4.0,10.0,2020.11.08,17.0,d1e2,d1e2,0.0,0.0,0.0,1.0,3.0
2020-11-08 23:47:13,4.0,10.0,2020.11.08,18.0,b8d7,b8d7,20.0,20.0,0.0,1.0,3.0
2020-11-08 23:47:13,4.0,10.0,2020.11.08,19.0,e3e4,f1d1,-41.0,-15.0,26.0,0.9417,2.0
2020-11-08 23:47:13,4.0,10.0,2020.11.08,20.0,e7e6,f6e4,156.0,-31.0,187.0,0.0447,-3.0
2020-11-08 23:47:13,4.0,10.0,2020.11.08,21.0,e4e5,e4e5,158.0,158.0,0.0,1.0,3.0
2020-11-08 23:47:13,4.0,10.0,2020.11.08,22.0,g7h6,f6e8,867.0,175.0,692.0,0.0,-3.0
2020-11-08 23:47:13,4.0,10.0,2020.11.08,23.0,g5f3,e5f6,128.0,830.0,702.0,0.0,-3.0
2020-11-08 23:47:13,4.0,10.0,2020.11.08,24.0,f6g4,h6c1,312.0,150.0,162.0,0.097,-3.0
2020-11-08 23:47:13,4.0,10.0,2020.11.08,25.0,c1h6,c4d5,139.0,383.0,244.0,0.005,-3.0
2020-11-08 23:47:13,4.0,10.0,2020.11.08,26.0,g4h6,g4h6,137.0,137.0,0.0,1.0,3.0
2020-11-08 23:47:13,4.0,10.0,2020.11.08,27.0,h2h3,b2b3,117.0,119.0,2.0,0.9996,2.0
2020-11-08 23:47:13,4.0,10.0,2020.11.08,28.0,b7b6,d5c4,265.0,130.0,135.0,0.1979,-3.0
2020-11-08 23:47:13,4.0,10.0,2020.11.08,29.0,e2e3,c4d5,118.0,230.0,112.0,0.3279,-2.0
2020-11-08 23:47:13,4.0,10.0,2020.11.08,30.0,h6f5,h6f5,129.0,129.0,0.0,1.0,3.0
2020-11-08 23:47:13,4.0,10.0,2020.11.08,31.0,e3d2,e3e2,67.0,122.0,55.0,0.7642,0.0
2020-11-08 23:47:13,4.0,10.0,2020.11.08,32.0,d5c4,d5c4,39.0,39.0,0.0,1.0,3.0
2020-11-08 23:47:13,4.0,10.0,2020.11.08,33.0,f1e1,a2a4,36.0,37.0,1.0,0.9999,2.0
2020-11-08 23:47:13,4.0,10.0,2020.11.08,34.0,c6c5,b6b5,295.0,61.0,234.0,0.0077,-3.0
2020-11-08 23:47:13,4.0,10.0,2020.11.08,35.0,d4d5,d4d5,285.0,285.0,0.0,1.0,3.0
2020-11-08 23:47:13,4.0,10.0,2020.11.08,36.0,d7e5,b6b5,688.0,308.0,380.0,0.0,-3.0
2020-11-08 23:47:13,4.0,10.0,2020.11.08,37.0,f3e5,e1e5,471.0,715.0,244.0,0.005,-3.0
2020-11-08 23:47:13,4.0,10.0,2020.11.08,38.0,f8e8,e6d5,676.0,660.0,16.0,0.9775,2.0
2020-11-08 23:47:13,4.0,10.0,2020.11.08,39.0,e5c4,e5f3,700.0,553.0,147.0,0.1465,-3.0
2020-11-08 23:47:13,4.0,10.0,2020.11.08,40.0,e6d5,b6b5,707.0,634.0,73.0,0.6227,0.0
2020-11-08 23:47:13,4.0,10.0,2020.11.08,41.0,e1e8,d2d5,674.0,662.0,12.0,0.9873,2.0
2020-11-08 23:47:13,4.0,10.0,2020.11.08,42.0,d8e8,d8e8,684.0,684.0,0.0,1.0,3.0
2020-11-08 23:47:13,4.0,10.0,2020.11.08,43.0,c3d5,c3d5,692.0,692.0,0.0,1.0,3.0
2020-11-08 23:47:13,4.0,10.0,2020.11.08,44.0,a8d8,e8d8,853.0,716.0,137.0,0.1886,-3.0
2020-11-08 23:47:13,4.0,10.0,2020.11.08,45.0,d5f6,d5f6,846.0,846.0,0.0,1.0,3.0
2020-11-08 23:47:13,4.0,10.0,2020.11.08,46.0,g8g7,g8g7,852.0,852.0,0.0,1.0,3.0
2020-11-08 23:47:13,4.0,10.0,2020.11.08,47.0,f6e8,f6e8,853.0,853.0,0.0,1.0,3.0
2020-11-08 23:47:13,4,10,2020.11.08,1,d2d4,e2e4,18,43,25,0.946,2
2020-11-08 23:47:13,4,10,2020.11.08,2,d7d5,g8f6,36,31,5,0.9978,2
2020-11-08 23:47:13,4,10,2020.11.08,3,c2c4,c2c4,31,31,0,1.0,3
2020-11-08 23:47:13,4,10,2020.11.08,4,c7c6,e7e6,51,42,9,0.9928,2
2020-11-08 23:47:13,4,10,2020.11.08,5,e2e3,e2e3,31,31,0,1.0,3
2020-11-08 23:47:13,4,10,2020.11.08,6,g8f6,g8f6,36,36,0,1.0,3
2020-11-08 23:47:13,4,10,2020.11.08,7,g1f3,g1f3,49,49,0,1.0,3
2020-11-08 23:47:13,4,10,2020.11.08,8,c8g4,c8f5,47,78,31,0.9181,2
2020-11-08 23:47:13,4,10,2020.11.08,9,f1e2,d1b3,8,23,15,0.9802,2
2020-11-08 23:47:13,4,10,2020.11.08,10,g7g6,e7e6,66,25,41,0.8612,1
2020-11-08 23:47:13,4,10,2020.11.08,11,e1g1,b1c3,62,60,2,0.9996,2
2020-11-08 23:47:13,4,10,2020.11.08,12,f8g7,e7e6,71,59,12,0.9873,2
2020-11-08 23:47:13,4,10,2020.11.08,13,b1c3,d1b3,48,59,11,0.9893,2
2020-11-08 23:47:13,4,10,2020.11.08,14,e8g8,e7e6,81,60,21,0.9616,2
2020-11-08 23:47:13,4,10,2020.11.08,15,f3g5,c4d5,-5,99,104,0.3823,-2
2020-11-08 23:47:13,4,10,2020.11.08,16,g4e2,g4e2,0,0,0,1.0,3
2020-11-08 23:47:13,4,10,2020.11.08,17,d1e2,d1e2,0,0,0,1.0,3
2020-11-08 23:47:13,4,10,2020.11.08,18,b8d7,b8d7,20,20,0,1.0,3
2020-11-08 23:47:13,4,10,2020.11.08,19,e3e4,f1d1,-41,-15,26,0.9417,2
2020-11-08 23:47:13,4,10,2020.11.08,20,e7e6,f6e4,156,-31,187,0.0447,-3
2020-11-08 23:47:13,4,10,2020.11.08,21,e4e5,e4e5,158,158,0,1.0,3
2020-11-08 23:47:13,4,10,2020.11.08,22,g7h6,f6e8,867,175,692,0.0,-3
2020-11-08 23:47:13,4,10,2020.11.08,23,g5f3,e5f6,128,830,702,0.0,-3
2020-11-08 23:47:13,4,10,2020.11.08,24,f6g4,h6c1,312,150,162,0.097,-3
2020-11-08 23:47:13,4,10,2020.11.08,25,c1h6,c4d5,139,383,244,0.005,-3
2020-11-08 23:47:13,4,10,2020.11.08,26,g4h6,g4h6,137,137,0,1.0,3
2020-11-08 23:47:13,4,10,2020.11.08,27,h2h3,b2b3,117,119,2,0.9996,2
2020-11-08 23:47:13,4,10,2020.11.08,28,b7b6,d5c4,265,130,135,0.1979,-3
2020-11-08 23:47:13,4,10,2020.11.08,29,e2e3,c4d5,118,230,112,0.3279,-2
2020-11-08 23:47:13,4,10,2020.11.08,30,h6f5,h6f5,129,129,0,1.0,3
2020-11-08 23:47:13,4,10,2020.11.08,31,e3d2,e3e2,67,122,55,0.7642,0
2020-11-08 23:47:13,4,10,2020.11.08,32,d5c4,d5c4,39,39,0,1.0,3
2020-11-08 23:47:13,4,10,2020.11.08,33,f1e1,a2a4,36,37,1,0.9999,2
2020-11-08 23:47:13,4,10,2020.11.08,34,c6c5,b6b5,295,61,234,0.0077,-3
2020-11-08 23:47:13,4,10,2020.11.08,35,d4d5,d4d5,285,285,0,1.0,3
2020-11-08 23:47:13,4,10,2020.11.08,36,d7e5,b6b5,688,308,380,0.0,-3
2020-11-08 23:47:13,4,10,2020.11.08,37,f3e5,e1e5,471,715,244,0.005,-3
2020-11-08 23:47:13,4,10,2020.11.08,38,f8e8,e6d5,676,660,16,0.9775,2
2020-11-08 23:47:13,4,10,2020.11.08,39,e5c4,e5f3,700,553,147,0.1465,-3
2020-11-08 23:47:13,4,10,2020.11.08,40,e6d5,b6b5,707,634,73,0.6227,0
2020-11-08 23:47:13,4,10,2020.11.08,41,e1e8,d2d5,674,662,12,0.9873,2
2020-11-08 23:47:13,4,10,2020.11.08,42,d8e8,d8e8,684,684,0,1.0,3
2020-11-08 23:47:13,4,10,2020.11.08,43,c3d5,c3d5,692,692,0,1.0,3
2020-11-08 23:47:13,4,10,2020.11.08,44,a8d8,e8d8,853,716,137,0.1886,-3
2020-11-08 23:47:13,4,10,2020.11.08,45,d5f6,d5f6,846,846,0,1.0,3
2020-11-08 23:47:13,4,10,2020.11.08,46,g8g7,g8g7,852,852,0,1.0,3
2020-11-08 23:47:13,4,10,2020.11.08,47,f6e8,f6e8,853,853,0,1.0,3
2020-11-09 11:18:44,5,10,2020.11.09,1,d2d4,e2e4,18,43,25,0.946,2
2020-11-09 11:18:44,5,10,2020.11.09,2,d7d5,g8f6,36,31,5,0.9978,2
2020-11-09 11:18:44,5,10,2020.11.09,3,c1f4,c2c4,13,31,18,0.9716,2
2020-11-09 11:18:44,5,10,2020.11.09,4,c7c5,c7c5,8,8,0,1.0,3
2020-11-09 11:18:44,5,10,2020.11.09,5,c2c3,e2e3,-8,0,8,0.9943,2
2020-11-09 11:18:44,5,10,2020.11.09,6,b8c6,g8f6,6,-19,25,0.946,2
2020-11-09 11:18:44,5,10,2020.11.09,7,e2e3,e2e3,0,0,0,1.0,3
2020-11-09 11:18:44,5,10,2020.11.09,8,c8f5,g8f6,-4,14,18,0.9716,2
2020-11-09 11:18:44,5,10,2020.11.09,9,f1d3,b1d2,-7,-15,8,0.9943,2
2020-11-09 11:18:44,5,10,2020.11.09,10,g7g6,f5d3,59,-5,64,0.6948,0
2020-11-09 11:18:44,5,10,2020.11.09,11,d3f5,d3f5,81,81,0,1.0,3
2020-11-09 11:18:44,5,10,2020.11.09,12,g6f5,g6f5,83,83,0,1.0,3
2020-11-09 11:18:44,5,10,2020.11.09,13,g1f3,g1f3,68,68,0,1.0,3
2020-11-09 11:18:44,5,10,2020.11.09,14,g8f6,e7e6,117,92,25,0.946,2
2020-11-09 11:18:44,5,10,2020.11.09,15,e1g1,d4c5,85,92,7,0.9957,2
2020-11-09 11:18:44,5,10,2020.11.09,16,h8g8,e7e6,71,73,2,0.9996,2
2020-11-09 11:18:44,5,10,2020.11.09,17,d4c5,d4c5,124,124,0,1.0,3
2020-11-09 11:18:44,5,10,2020.11.09,18,e7e5,d8d7,468,202,266,0.0019,-3
2020-11-09 11:18:44,5,10,2020.11.09,19,f4g5,f3e5,-66,400,466,0.0,-3
2020-11-09 11:18:44,5,10,2020.11.09,20,f8c5,e5e4,24,-78,102,0.3966,-2
2020-11-09 11:18:44,5,10,2020.11.09,21,d1a4,g5f6,-159,-60,99,0.4184,-1
2020-11-09 11:18:44,5,10,2020.11.09,22,g8g6,e5e4,-47,-142,95,0.4483,-1
2020-11-09 11:18:44,5,10,2020.11.09,23,h2h4,g5h4,-264,-59,205,0.0239,-3
2020-11-09 11:18:44,5,10,2020.11.09,24,d8d6,h7h6,49,-217,266,0.0019,-3
2020-11-09 11:18:44,5,10,2020.11.09,25,f1d1,b2b4,-224,-126,98,0.4258,-1
2020-11-09 11:18:44,5,10,2020.11.09,26,f6g4,e5e4,-121,-195,74,0.6146,0
2020-11-09 11:18:44,5,10,2020.11.09,27,g2g3,a4b3,-350,-203,147,0.1465,-3
2020-11-09 11:18:44,5,10,2020.11.09,28,f5f4,h7h6,-295,-374,79,0.5742,-1
2020-11-09 11:18:44,5,10,2020.11.09,29,e3f4,b1a3,-474,-375,99,0.4184,-1
2020-11-09 11:18:44,5,10,2020.11.09,30,e5f4,g4f2,-269,-464,195,0.034,-3
2020-11-09 11:18:44,5,10,2020.11.09,31,g3f4,g5f4,-640,-217,423,0.0,-3
2020-11-09 11:18:44,5,10,2020.11.09,32,c5f2,g4f2,-498,-651,153,0.1248,-3
2020-11-09 11:18:44,5,10,2020.11.09,33,g1f1,g1g2,-556,-615,59,0.7339,0
2020-11-09 11:18:44,5,10,2020.11.09,34,f7f6,f2b6,-539,-625,86,0.5182,-1
2020-11-09 11:18:44,5,10,2020.11.09,35,h4h5,b1d2,-744,-462,282,0.0009,-3
2020-11-09 11:18:44,5,10,2020.11.09,36,g6g8,g6g8,-747,-747,0,1.0,3
2020-11-09 11:18:44,5,10,2020.11.09,37,f4f5,b1a3,-951,-730,221,0.013,-3
2020-11-09 11:18:44,5,10,2020.11.09,38,g8g5,d6g3,-838,-768,70,0.6469,0
2020-11-09 11:18:44,5,10,2020.11.09,39,f3g5,f3g5,-831,-831,0,1.0,3
2020-11-09 11:18:44,5,10,2020.11.09,40,f2e3,d6g3,37,-759,796,0.0,-3
2020-11-09 11:18:44,5,10,2020.11.09,41,d1e1,a4g4,-1130,-35,1095,0.0,-3
2020-11-09 11:18:44,5,10,2020.11.09,42,e8c8,d6h2,-186,-1169,983,0.0,-3
2020-11-09 11:18:44,5,10,2020.11.09,43,g5f7,a4g4,-1415,-708,707,0.0,-3
2020-11-09 11:18:44,5,10,2020.11.09,44,d6h2,d6h2,-1926,-1926,0,1.0,3
2020-11-09 11:18:44,5,10,2020.11.09,45,e1e2,a4c2,-1,-1502,1501,0.0,-3
2020-11-09 11:18:44,5,10,2020.11.09,46,h2h1,h2g1,0,0,0,1.0,3
2020-11-09 16:02:24,6,10,2020.11.09,1,e2e4,e2e4,43,43,0,1.0,3
2020-11-09 16:02:24,6,10,2020.11.09,2,c7c5,c7c5,45,45,0,1.0,3
2020-11-09 16:02:24,6,10,2020.11.09,3,d2d4,g1f3,-13,43,56,0.7567,0
2020-11-09 16:02:24,6,10,2020.11.09,4,d7d6,c5d4,171,29,142,0.1666,-3
2020-11-09 16:02:24,6,10,2020.11.09,5,b1c3,d4c5,-20,178,198,0.0307,-3
2020-11-09 16:02:24,6,10,2020.11.09,6,g7g6,c5d4,267,27,240,0.006,-3
2020-11-09 16:02:24,6,10,2020.11.09,7,f2f3,d4c5,38,250,212,0.0184,-3
2020-11-09 16:02:24,6,10,2020.11.09,8,f8g7,c5d4,164,62,102,0.3966,-2
2020-11-09 16:02:24,6,10,2020.11.09,9,g1e2,d4c5,66,167,101,0.4038,-1
2020-11-09 16:02:24,6,10,2020.11.09,10,b8c6,c5d4,179,94,85,0.5261,-1
2020-11-09 16:02:24,6,10,2020.11.09,11,c1e3,d4c5,75,100,25,0.946,2
2020-11-09 16:02:24,6,10,2020.11.09,12,g8f6,d8a5,250,99,151,0.1318,-3
2020-11-09 16:02:24,6,10,2020.11.09,13,c3b5,d4c5,-131,214,345,0.0,-3
2020-11-09 16:02:24,6,10,2020.11.09,14,e8g8,c5d4,-108,-66,42,0.8549,1
2020-11-09 16:02:24,6,10,2020.11.09,15,c2c3,d4d5,-89,-145,56,0.7567,0
2020-11-09 16:02:24,6,10,2020.11.09,16,a7a6,a7a6,-108,-108,0,1.0,3
2020-11-09 16:02:24,6,10,2020.11.09,17,b5a3,b5a3,-118,-118,0,1.0,3
2020-11-09 16:02:24,6,10,2020.11.09,18,d6d5,d6d5,-104,-104,0,1.0,3
2020-11-09 16:02:24,6,10,2020.11.09,19,d1b3,e4e5,-492,-76,416,0.0,-3
2020-11-09 16:02:24,6,10,2020.11.09,20,d5e4,d5e4,-393,-393,0,1.0,3
2020-11-09 16:02:24,6,10,2020.11.09,21,f3e4,d4c5,-681,-472,209,0.0206,-3
2020-11-09 16:02:24,6,10,2020.11.09,22,f6e4,c5d4,-423,-390,33,0.9077,2
2020-11-09 16:02:24,6,10,2020.11.09,23,g2g3,e1c1,-861,-626,235,0.0074,-3
2020-11-09 16:02:24,6,10,2020.11.09,24,e7e5,c5d4,-520,-837,317,0.0001,-3
2020-11-09 16:02:24,6,10,2020.11.09,25,d4e5,d4d5,-834,-507,327,0.0001,-3
2020-11-09 16:02:24,6,10,2020.11.09,26,c6e5,c6e5,-940,-940,0,1.0,3
2020-11-09 16:02:24,6,10,2020.11.09,27,f1g2,f1g2,-896,-896,0,1.0,3
2020-11-09 16:02:24,6,10,2020.11.09,28,d8d3,e5d3,-757,-869,112,0.3279,-2
2020-11-09 16:02:24,6,10,2020.11.09,29,a1d1,c3c4,-1200,-825,375,0.0,-3
2020-11-09 16:02:24,6,10,2020.11.09,30,d3e3,d3e3,-1241,-1241,0,1.0,3
2020-11-09 16:02:24,6,10,2020.11.09,31,h1f1,g2e4,-1356,-1245,111,0.3345,-2
2020-11-09 16:02:24,6,10,2020.11.09,32,c8e6,c8g4,-861,-1223,362,0.0,-3
2020-11-09 16:02:24,6,10,2020.11.09,33,b3b7,c3c4,-1212,-953,259,0.0026,-3
2020-11-09 16:02:24,6,10,2020.11.09,34,e4g5,e4c3,-1130,-1167,37,0.8854,1
2020-11-09 16:02:24,6,10,2020.11.09,35,d1d5,b7a8,-1583,-1128,455,0.0,-3
2020-11-09 16:02:24,6,10,2020.11.09,36,e5f3,e6d5,-1137,-1638,501,0.0,-3
2020-11-09 16:02:24,6,10,2020.11.09,37,e1d1,f1f3,-1736,-1233,503,0.0,-3
2020-11-09 16:02:24,6,10,2020.11.09,38,e6d5,e6d5,-1827,-1827,0,1.0,3
2020-11-09 16:02:24,6,10,2020.11.09,39,b7d5,b7d5,-1736,-1736,0,1.0,3
2020-11-09 16:02:24,6,10,2020.11.09,40,a8d8,f8d8,-2053,-1671,382,0.0,-3
2020-11-09 16:02:24,6,10,2020.11.09,41,g2f3,g2f3,-1761,-1761,0,1.0,3
2020-11-09 16:02:24,6,10,2020.11.09,42,d8d5,g5f3,-1195,-1842,647,0.0,-3
2020-11-09 16:02:24,6,10,2020.11.09,43,f3d5,f3d5,-1207,-1207,0,1.0,3
2020-11-09 16:02:24,6,10,2020.11.09,44,e3d3,e3d3,-1180,-1180,0,1.0,3
2020-11-09 16:02:24,6,10,2020.11.09,45,d1e1,d1e1,-1149,-1149,0,1.0,3
2020-11-09 16:02:24,6,10,2020.11.09,46,d3d5,d3d5,-1233,-1233,0,1.0,3
2020-11-09 16:02:24,6,10,2020.11.09,47,e2f4,a3b1,-1317,-1356,39,0.8735,1
2020-11-09 16:02:24,6,10,2020.11.09,48,d5a2,d5a2,-1384,-1384,0,1.0,3
2020-11-09 16:02:24,6,10,2020.11.09,49,a3c4,a3c4,-1395,-1395,0,1.0,3
2020-11-09 16:02:24,6,10,2020.11.09,50,a2c4,a2c4,-1476,-1476,0,1.0,3
2020-11-09 16:02:24,6,10,2020.11.09,51,f4g2,f1f2,-1938,-1446,492,0.0,-3
2020-11-09 16:02:24,6,10,2020.11.09,52,g5e4,f8e8,-1515,-7277,5762,0.0,-3
2020-11-09 16:02:24,6,10,2020.11.09,53,g2f4,f1f3,-1781,-1492,289,0.0006,-3
2020-11-09 16:02:24,6,10,2020.11.09,54,c4a2,g7c3,-1530,-4,1526,0.0,-3
2020-11-09 16:02:24,6,10,2020.11.09,55,f4d3,f4d3,-1606,-1606,0,1.0,3
2020-11-09 16:02:24,6,10,2020.11.09,56,a2b1,a2b1,-1707,-1707,0,1.0,3
2020-11-09 16:02:24,6,10,2020.11.09,57,e1e2,e1e2,-1637,-1637,0,1.0,3
2020-11-09 16:02:24,6,10,2020.11.09,58,b1b2,b1c2,-1014,-1884,870,0.0,-3
2020-11-09 16:02:24,6,10,2020.11.09,59,d3b2,d3b2,-1023,-1023,0,1.0,3
2020-11-09 16:02:24,6,10,2020.11.09,60,f8e8,f8e8,-1022,-1022,0,1.0,3
2020-11-09 16:02:24,6,10,2020.11.09,61,e2f3,f1d1,-959,-976,17,0.9746,2
2020-11-09 16:02:24,6,10,2020.11.09,62,e4c3,e4d2,-912,-953,41,0.8612,1
2020-11-09 16:02:24,6,10,2020.11.09,63,g3g4,b2d3,-903,-888,15,0.9802,2
2020-11-09 16:02:24,6,10,2020.11.09,64,a6a5,g7f8,-899,-930,31,0.9181,2
2020-11-09 16:02:24,6,10,2020.11.09,65,f1a1,b2d3,-1053,-1086,33,0.9077,2
2020-11-09 16:02:24,6,10,2020.11.09,66,h7h5,c3e4,-753,-1058,305,0.0003,-3
2020-11-09 16:02:24,6,10,2020.11.09,67,h2h4,g4h5,-938,-738,200,0.0286,-3
2020-11-09 16:02:24,6,10,2020.11.09,68,c3d5,h5g4,-936,-980,44,0.8419,1
2020-11-09 16:02:24,6,10,2020.11.09,69,f3g3,g4h5,-1180,-966,214,0.0171,-3
2020-11-09 16:02:24,6,10,2020.11.09,70,g7b2,e8e3,-1160,-1038,122,0.2663,-2
2020-11-09 16:02:24,6,10,2020.11.09,71,a1a5,a1a4,-1074,-1184,110,0.3411,-2
2020-11-09 16:02:24,6,10,2020.11.09,72,b2d4,e8e3,-932,-1214,282,0.0009,-3
2020-11-09 16:02:24,6,10,2020.11.09,73,a5a2,g4h5,-1269,-1078,191,0.0391,-3
2020-11-09 16:02:24,6,10,2020.11.09,74,e8e3,e8e3,-1298,-1298,0,1.0,3
2020-11-09 16:02:24,6,10,2020.11.09,75,g3g2,g3g2,-1288,-1288,0,1.0,3
2020-11-09 16:02:24,6,10,2020.11.09,76,h5g4,h5g4,-1545,-1545,0,1.0,3
2020-11-09 16:02:24,6,10,2020.11.09,77,a2c2,g2f1,-6162,-1317,4845,0.0,-3
2020-11-09 16:02:24,6,10,2020.11.09,78,d5f4,e3h3,-6456,-6225,231,0.0087,-3
2020-11-09 16:02:24,6,10,2020.11.09,79,g2f2,g2f2,-6521,-6521,0,1.0,3
2020-11-09 16:02:24,6,10,2020.11.09,80,e3h3,g4g3,-6110,-6456,346,0.0,-3
2020-11-09 16:02:24,6,10,2020.11.09,81,f2e1,f2e1,-6225,-6225,0,1.0,3
2020-11-09 16:02:24,6,10,2020.11.09,82,h3h4,d4e3,-6621,-6760,139,0.1795,-3
2020-11-09 16:02:24,6,10,2020.11.09,83,c2c5,c2a2,-7574,-6647,927,0.0,-3
2020-11-09 16:02:24,6,10,2020.11.09,84,d4c5,d4c5,-7573,-7573,0,1.0,3
2020-11-09 16:02:24,6,10,2020.11.09,85,e1d2,e1d1,-7254,-7650,396,0.0,-3
2020-11-09 16:02:24,6,10,2020.11.09,86,g4g3,h4h2,-7584,-7189,395,0.0,-3
2020-11-09 16:02:24,6,10,2020.11.09,87,d2c3,d2c2,-7587,-7650,63,0.7027,0
2020-11-09 16:02:24,6,10,2020.11.09,88,g3g2,g3g2,-7595,-7595,0,1.0,3
2020-11-09 16:02:24,6,10,2020.11.09,89,c3c4,c3c4,-7674,-7674,0,1.0,3
2020-11-09 16:02:24,6,10,2020.11.09,90,c5f8,g2g1q,-7667,-7665,2,0.9996,2
2020-11-09 16:02:24,6,10,2020.11.09,91,c4b5,c4b5,-7672,-7672,0,1.0,3
2020-11-09 16:02:24,6,10,2020.11.09,92,g2g1q,g2g1q,-4,-4,0,1.0,3
2020-11-09 16:02:24,6,10,2020.11.09,93,b5c6,b5c6,-6,-6,0,1.0,3
2020-11-09 16:02:24,6,10,2020.11.09,94,f4h3,g1b1,-4,-3,1,0.9999,2
2020-11-09 16:02:24,6,10,2020.11.09,95,c6d7,c6b7,-3,-4,1,0.9999,2
2020-11-09 16:02:24,6,10,2020.11.09,96,g1e1,h4c4,-8704,-2,8702,0.0,-3
2020-11-09 16:02:24,6,10,2020.11.09,97,d7c6,d7c6,-3,-3,0,1.0,3
2020-11-09 16:02:24,6,10,2020.11.09,98,h4d4,e1c1,-4,-2,2,0.9996,2
2020-11-09 16:02:24,6,10,2020.11.09,99,c6c7,c6b6,-5,-8697,8692,0.0,-3
2020-11-09 16:02:24,6,10,2020.11.09,100,e1c1,e1a5,-2,-3,1,0.9999,2
2020-11-09 16:02:24,6,10,2020.11.09,101,c7b8,c7b6,-2,-2,0,1.0,3
2020-11-09 16:02:24,6,10,2020.11.09,102,d4b4,d4b4,-1,-1,0,1.0,3
2020-11-09 16:02:24,6,10,2020.11.09,103,b8a8,b8a7,-1,-1,0,1.0,3
2020-11-09 16:02:24,6,10,2020.11.09,104,c1a1,c1a1,0,0,0,1.0,3
2020-11-09 16:27:24,7,10,2020.11.09,1,e2e4,e2e4,43,43,0,1.0,3
2020-11-09 16:27:24,7,10,2020.11.09,2,c7c5,c7c5,45,45,0,1.0,3
2020-11-09 16:27:24,7,10,2020.11.09,3,g1f3,g1f3,43,43,0,1.0,3
2020-11-09 16:27:24,7,10,2020.11.09,4,b8c6,b8c6,52,52,0,1.0,3
2020-11-09 16:27:24,7,10,2020.11.09,5,e4e5,c2c3,-37,45,82,0.5501,-1
2020-11-09 16:27:24,7,10,2020.11.09,6,d7d6,a7a6,-9,-16,7,0.9957,2
2020-11-09 16:27:24,7,10,2020.11.09,7,e5d6,e5d6,-9,-9,0,1.0,3
2020-11-09 16:27:24,7,10,2020.11.09,8,e7d6,d8d6,-23,-10,13,0.9851,2
2020-11-09 16:27:24,7,10,2020.11.09,9,f1e2,d2d4,-20,0,20,0.9651,2
2020-11-09 16:27:24,7,10,2020.11.09,10,g8f6,d6d5,-20,-2,18,0.9716,2
2020-11-09 16:27:24,7,10,2020.11.09,11,e1g1,d2d4,-29,-15,14,0.9827,2
2020-11-09 16:27:24,7,10,2020.11.09,12,g7g6,d6d5,32,-28,60,0.7261,0
2020-11-09 16:27:24,7,10,2020.11.09,13,b2b3,d2d4,-121,44,165,0.0889,-3
2020-11-09 16:27:24,7,10,2020.11.09,14,f8g7,f8g7,-140,-140,0,1.0,3
2020-11-09 16:27:24,7,10,2020.11.09,15,c1b2,e2b5,-146,-70,76,0.5984,-1
2020-11-09 16:27:24,7,10,2020.11.09,16,e8g8,e8g8,-140,-140,0,1.0,3
2020-11-09 16:27:24,7,10,2020.11.09,17,d2d3,f1e1,-168,-141,27,0.9373,2
2020-11-09 16:27:24,7,10,2020.11.09,18,c8g4,d6d5,-141,-178,37,0.8854,1
2020-11-09 16:27:24,7,10,2020.11.09,19,b1d2,f1e1,-186,-137,49,0.8078,1
2020-11-09 16:27:24,7,10,2020.11.09,20,d6d5,f6d5,-120,-215,95,0.4483,-1
2020-11-09 16:27:24,7,10,2020.11.09,21,c2c4,h2h3,-112,-96,16,0.9775,2
2020-11-09 16:27:24,7,10,2020.11.09,22,d5d4,d5c4,-38,-132,94,0.4559,-1
2020-11-09 16:27:24,7,10,2020.11.09,23,a2a3,f3d4,-113,-67,46,0.8285,1
2020-11-09 16:27:24,7,10,2020.11.09,24,b7b6,a7a5,-79,-131,52,0.7863,0
2020-11-09 16:27:24,7,10,2020.11.09,25,b3b4,b3b4,-112,-112,0,1.0,3
2020-11-09 16:27:24,7,10,2020.11.09,26,c5b4,d8c7,-23,-94,71,0.6388,0
2020-11-09 16:27:24,7,10,2020.11.09,27,a3b4,h2h3,-26,-8,18,0.9716,2
2020-11-09 16:27:24,7,10,2020.11.09,28,c6b4,c6b4,-28,-28,0,1.0,3
2020-11-09 16:27:24,7,10,2020.11.09,29,b2a3,h2h3,-137,-20,117,0.2962,-2
2020-11-09 16:27:24,7,10,2020.11.09,30,a7a5,a7a5,-68,-68,0,1.0,3
2020-11-09 16:27:24,7,10,2020.11.09,31,f3d4,h2h3,-923,-106,817,0.0,-3
2020-11-09 16:27:24,7,10,2020.11.09,32,f8e8,d8d4,-234,-794,560,0.0,-3
2020-11-09 16:27:24,7,10,2020.11.09,33,e2g4,a3b4,-390,-197,193,0.0365,-3
2020-11-09 16:27:24,7,10,2020.11.09,34,f6g4,f6g4,-396,-396,0,1.0,3
2020-11-09 16:27:24,7,10,2020.11.09,35,d1g4,d1g4,-410,-410,0,1.0,3
2020-11-09 16:27:24,7,10,2020.11.09,36,g7d4,g7d4,-351,-351,0,1.0,3
2020-11-09 16:27:24,7,10,2020.11.09,37,a1b1,a1d1,-438,-312,126,0.2439,-3
2020-11-09 16:27:24,7,10,2020.11.09,38,b4d3,b4c2,-306,-331,25,0.946,2
2020-11-09 16:27:24,7,10,2020.11.09,39,d2f3,g4f3,-437,-345,92,0.4713,-1
2020-11-09 16:27:24,7,10,2020.11.09,40,d3e5,d4c5,-227,-389,162,0.097,-3
2020-11-09 16:27:24,7,10,2020.11.09,41,f3e5,f3e5,-284,-284,0,1.0,3
2020-11-09 16:27:24,7,10,2020.11.09,42,e8e5,d4e5,563,-168,731,0.0,-3
2020-11-09 16:27:24,7,10,2020.11.09,43,g1h1,b1d1,-278,500,778,0.0,-3
2020-11-09 16:27:24,7,10,2020.11.09,44,a8b8,h7h5,472,-318,790,0.0,-3
2020-11-09 16:27:24,7,10,2020.11.09,45,b1d1,b1d1,422,422,0,1.0,3
2020-11-09 16:27:24,7,10,2020.11.09,46,d8c8,f7f5,838,532,306,0.0002,-3
2020-11-09 16:27:24,7,10,2020.11.09,47,g4d4,g4d4,860,860,0,1.0,3
2020-11-09 16:27:24,7,10,2020.11.09,48,c8f5,c8c5,833,835,2,0.9996,2
2020-11-09 16:27:24,7,10,2020.11.09,49,a3d6,a3b2,684,925,241,0.0057,-3
2020-11-09 16:35:42,8,10,2020.11.09,1,e2e4,e2e4,43,43,0,1.0,3
2020-11-09 16:35:42,8,10,2020.11.09,2,c7c5,c7c5,45,45,0,1.0,3
2020-11-09 16:35:42,8,10,2020.11.09,3,f2f3,g1f3,-70,43,113,0.3214,-2
2020-11-09 16:35:42,8,10,2020.11.09,4,b8c6,e7e6,-33,-62,29,0.928,2
2020-11-09 16:35:42,8,10,2020.11.09,5,b1c3,f3f4,-71,-54,17,0.9746,2
2020-11-09 16:35:42,8,10,2020.11.09,6,e7e6,e7e6,-54,-54,0,1.0,3
2020-11-09 16:35:42,8,10,2020.11.09,7,a2a3,f3f4,-83,-71,12,0.9873,2
2020-11-09 16:35:42,8,10,2020.11.09,8,g8f6,d7d5,-69,-89,20,0.9651,2
2020-11-09 16:35:42,8,10,2020.11.09,9,b2b4,f3f4,-281,-83,198,0.0307,-3
2020-11-09 16:35:42,8,10,2020.11.09,10,b7b6,c5b4,-99,-287,188,0.0432,-3
2020-11-09 16:35:42,8,10,2020.11.09,11,c3b5,b4b5,-386,-166,220,0.0135,-3
2020-11-09 16:35:42,8,10,2020.11.09,12,g7g6,a7a6,-25,-370,345,0.0,-3
2020-11-09 16:35:42,8,10,2020.11.09,13,c2c4,c1b2,-324,-49,275,0.0012,-3
2020-11-09 16:35:42,8,10,2020.11.09,14,f8g7,a7a6,-108,-301,193,0.0365,-3
2020-11-09 16:35:42,8,10,2020.11.09,15,c1b2,b5d6,-263,-98,165,0.0889,-3
2020-11-09 16:35:42,8,10,2020.11.09,16,e8g8,e8g8,-260,-260,0,1.0,3
2020-11-09 16:35:42,8,10,2020.11.09,17,b5d6,b5d6,-301,-301,0,1.0,3
2020-11-09 16:35:42,8,10,2020.11.09,18,a7a6,d8c7,-160,-283,123,0.2606,-2
2020-11-09 16:35:42,8,10,2020.11.09,19,g2g4,f3f4,-386,-139,247,0.0044,-3
2020-11-09 16:35:42,8,10,2020.11.09,20,f6e8,d8e7,-401,-323,78,0.5823,-1
2020-11-09 16:35:42,8,10,2020.11.09,21,b2g7,b2g7,-424,-424,0,1.0,3
2020-11-09 16:35:42,8,10,2020.11.09,22,g8g7,d8h4,-230,-382,152,0.1283,-3
2020-11-09 16:35:42,8,10,2020.11.09,23,d6e8,d6e8,-309,-309,0,1.0,3
2020-11-09 16:35:42,8,10,2020.11.09,24,d8e8,f8e8,-175,-233,58,0.7415,0
2020-11-09 16:35:42,8,10,2020.11.09,25,d2d3,b4c5,-237,-188,49,0.8078,1
2020-11-09 16:35:42,8,10,2020.11.09,26,e8e7,f7f5,-286,-282,4,0.9986,2
2020-11-09 16:35:42,8,10,2020.11.09,27,h2h4,h2h4,-269,-269,0,1.0,3
2020-11-09 16:35:42,8,10,2020.11.09,28,c5b4,f7f5,-196,-258,62,0.7106,0
2020-11-09 16:35:42,8,10,2020.11.09,29,d1b3,a3b4,-355,-246,109,0.3478,-2
2020-11-09 16:35:42,8,10,2020.11.09,30,e7c5,a6a5,-232,-340,108,0.3546,-2
2020-11-09 16:35:42,8,10,2020.11.09,31,a3b4,g1e2,-212,-240,28,0.9327,2
2020-11-09 16:35:42,8,10,2020.11.09,32,c6b4,c5b4,-261,-208,53,0.779,0
2020-11-09 16:35:42,8,10,2020.11.09,33,b3c3,b3c3,-145,-145,0,1.0,3
2020-11-09 16:35:42,8,10,2020.11.09,34,e6e5,f7f6,-180,-102,78,0.5823,-1
2020-11-09 16:35:42,8,10,2020.11.09,35,g1e2,g1e2,-247,-247,0,1.0,3
2020-11-09 16:35:42,8,10,2020.11.09,36,c8b7,g7g8,-121,-206,85,0.5261,-1
2020-11-09 16:35:42,8,10,2020.11.09,37,d3d4,d3d4,-123,-123,0,1.0,3
2020-11-09 16:35:42,8,10,2020.11.09,38,e5d4,e5d4,-129,-129,0,1.0,3
2020-11-09 16:35:42,8,10,2020.11.09,39,e2d4,e2d4,-180,-180,0,1.0,3
2020-11-09 16:35:42,8,10,2020.11.09,40,g7g8,g7g8,-174,-174,0,1.0,3
2020-11-09 16:35:42,8,10,2020.11.09,41,a1b1,d4b3,-692,-176,516,0.0,-3
2020-11-09 16:35:42,8,10,2020.11.09,42,b4c6,c5d4,-183,-723,540,0.0,-3
2020-11-09 16:35:42,8,10,2020.11.09,43,d4c6,d4b3,-300,-170,130,0.2226,-3
2020-11-09 16:35:42,8,10,2020.11.09,44,c5c6,b7c6,5,-205,210,0.0198,-3
2020-11-09 16:35:42,8,10,2020.11.09,45,f1d3,c3d4,-92,19,111,0.3345,-2
2020-11-09 16:35:42,8,10,2020.11.09,46,f8e8,a6a5,-73,-31,42,0.8549,1
2020-11-09 16:35:42,8,10,2020.11.09,47,e1f2,c3d4,-360,-88,272,0.0014,-3
2020-11-09 16:35:42,8,10,2020.11.09,48,c6c5,c6c5,-313,-313,0,1.0,3
2020-11-09 16:35:42,8,10,2020.11.09,49,f2e2,f2g3,-362,-287,75,0.6065,0
2020-11-09 16:35:42,8,10,2020.11.09,50,d7d5,d7d5,-187,-187,0,1.0,3
2020-11-09 16:35:42,8,10,2020.11.09,51,h4h5,c3b4,-609,-426,183,0.051,-3
2020-11-09 16:35:42,8,10,2020.11.09,52,d5c4,d5e4,-27,-738,711,0.0,-3
2020-11-09 16:35:42,8,10,2020.11.09,53,h5g6,c3c4,-669,-48,621,0.0,-3
2020-11-09 16:35:42,8,10,2020.11.09,54,f7g6,c4d3,51,-650,701,0.0,-3
2020-11-09 16:35:42,8,10,2020.11.09,55,d3c4,c3c4,47,27,20,0.9651,2
2020-11-09 16:35:42,8,10,2020.11.09,56,g8f8,b7d5,1,0,1,0.9999,2
2020-11-09 16:35:42,8,10,2020.11.09,57,c3h8,c3f6,815,0,815,0.0,-3
2020-11-09 16:35:42,8,10,2020.11.09,58,f8e7,f8e7,1338,1338,0,1.0,3
2020-11-09 16:35:42,8,10,2020.11.09,59,h8h7,h1h7,791,1453,662,0.0,-3
2020-11-09 16:35:42,8,10,2020.11.09,60,e7d8,e7d8,866,866,0,1.0,3
2020-11-09 16:35:42,8,10,2020.11.09,61,h1d1,b1d1,528,693,165,0.0889,-3
2020-11-09 16:35:42,8,10,2020.11.09,62,d8c8,d8c8,693,693,0,1.0,3
2020-11-09 16:35:42,8,10,2020.11.09,63,h7d7,h7d7,501,501,0,1.0,3
